{"pitchcontours": {"1": [50.7054328918457, 50.70498275756836, 50.99137496948242, 51.21055221557617, 51.49471664428711, 51.775997161865234, 52.09242248535156, 52.47731018066406, 52.816490173339844, 53.24150085449219, 53.515625, 53.6727409362793, 53.90520477294922, 54.12892150878906, 54.34547424316406, 54.51190185546875, 54.597999572753906, 54.67980194091797, 54.721683502197266, 54.7893180847168, 54.83592987060547], "2": [54.83664321899414, 54.830223083496094, 54.80031204223633, 54.75593566894531, 54.72006607055664, 54.66558074951172, 54.62627410888672, 54.5720329284668, 54.53605270385742, 54.503997802734375, 54.463043212890625, 54.39009094238281, 54.31241989135742, 54.246673583984375, 54.19409942626953, 54.18132400512695, 54.16279220581055, 54.16557312011719, 54.168724060058594], "3": [54.154449462890625, 54.14832305908203, 54.147674560546875, 54.15787887573242, 54.166038513183594, 54.17391586303711, 54.17567443847656, 54.162235260009766, 54.152591705322266, 54.140342712402344, 54.11647033691406], "5": [54.1146125793457, 54.110984802246094, 54.121768951416016, 54.14433670043945, 54.15500259399414, 54.18669509887695, 54.2303352355957, 54.253684997558594, 54.30938720703125, 54.36830139160156, 54.4490966796875, 54.621036529541016, 54.80817413330078, 55.007972717285156, 55.156803131103516, 55.28221893310547, 55.4512825012207, 55.60447311401367, 55.7965202331543, 55.97811508178711, 56.057403564453125, 56.376930236816406, 56.631282806396484, 56.63401412963867, 56.6894645690918, 56.75870895385742, 56.81105422973633, 56.83292007446289, 56.852455139160156, 56.8867073059082, 56.92974090576172, 56.98283767700195, 57.07005310058594, 57.154335021972656, 57.20207977294922, 57.27325439453125, 57.32376480102539, 57.4001350402832, 57.44812774658203, 57.49629211425781, 57.55659866333008, 57.58378219604492, 57.63528823852539, 57.6681022644043, 57.7148323059082, 57.7670783996582, 57.783935546875, 57.809486389160156, 57.8265266418457, 57.83237838745117, 57.86130142211914, 57.87492370605469, 57.87320327758789, 57.857784271240234, 57.85898208618164, 57.8898811340332, 57.94853210449219, 58.05518341064453, 58.15227127075195, 58.184635162353516, 58.22060775756836, 58.29926300048828], "7": [58.284950256347656, 58.25020980834961, 58.19425964355469, 58.09703826904297, 58.00691604614258, 57.81714630126953, 57.67272186279297, 57.54623031616211, 57.50859832763672, 57.47325897216797, 57.410743713378906, 57.35308837890625, 57.25613021850586, 57.17428970336914, 57.1301383972168, 57.079063415527344, 57.02618408203125, 57.023277282714844, 56.95492935180664, 56.91179656982422, 56.922786712646484, 56.78701400756836, 56.89747619628906, 56.59990310668945], "8": [54.610198974609375, 54.61363220214844, 54.671974182128906, 54.6784553527832, 54.70219421386719, 54.657745361328125, 54.63114547729492, 54.610382080078125, 54.589317321777344, 54.62871170043945, 54.6433219909668, 54.689247131347656, 54.70273208618164, 54.71943664550781, 54.755489349365234, 54.76310348510742, 54.79584503173828, 54.79664993286133, 54.818084716796875, 54.83842468261719, 54.850101470947266, 54.88321304321289, 54.87663269042969, 54.87992477416992, 54.87876510620117, 54.88072204589844, 54.90702819824219, 54.90969467163086, 54.930015563964844, 54.926025390625], "9": [54.92761993408203, 54.93214416503906, 54.91102600097656, 54.88098907470703, 54.82549285888672, 54.7716064453125, 54.71432113647461, 54.67242431640625, 54.61616134643555, 54.57239532470703, 54.51753234863281, 54.45338439941406, 54.38148880004883, 54.289981842041016, 54.23208999633789, 54.1860466003418, 54.1429443359375, 54.11861038208008, 54.05752944946289, 53.98893356323242, 53.9127311706543, 53.79106521606445, 53.67607879638672, 53.51784133911133, 53.4039192199707, 53.31672286987305, 53.24775695800781, 53.169979095458984, 53.02812194824219, 52.81779479980469, 52.66239547729492, 52.4810905456543, 52.382633209228516, 52.40563201904297, 52.36762619018555, 52.455223083496094, 52.48997497558594, 52.53331756591797, 52.56822204589844, 52.55866241455078, 52.58234405517578, 52.50416564941406, 52.43925476074219, 52.32932662963867, 52.15312576293945, 52.00727081298828, 51.875732421875, 51.85318374633789, 51.84841537475586], "12": [51.89698791503906, 51.957008361816406, 52.0330810546875, 52.151981353759766, 52.238807678222656, 52.32304000854492, 52.38705062866211, 52.46422576904297, 52.51018142700195, 52.54513168334961, 52.56394958496094, 52.5596809387207, 52.57685852050781, 52.54757308959961, 52.55316925048828, 52.55225372314453, 52.544620513916016, 52.58610153198242, 52.58742141723633, 52.63406753540039, 52.6679573059082, 52.71357727050781, 52.77817153930664, 52.82620620727539, 52.875308990478516], "13": [52.878604888916016, 52.8740119934082, 52.81629180908203, 52.74359130859375, 52.667755126953125, 52.543907165527344, 52.5296516418457, 52.50630569458008, 52.5185432434082, 52.54166793823242, 52.48762893676758, 52.48129653930664, 52.40840148925781, 52.325721740722656, 52.31520462036133, 52.23414611816406, 52.163429260253906, 52.12425994873047, 52.03947448730469, 51.86345672607422], "14": [51.48097610473633, 51.35430908203125, 51.45205307006836, 52.047645568847656, 52.17871856689453, 52.305606842041016, 52.21330261230469, 52.035804748535156, 51.95669174194336, 52.39988708496094], "15": [54.39100646972656, 54.576560974121094, 54.72069549560547, 54.743839263916016], "16": [54.72886276245117, 54.71512985229492, 54.63502502441406, 54.51444625854492, 54.42491912841797, 54.309478759765625, 54.24491882324219, 54.20427703857422], "17": [54.19835662841797, 54.22045135498047, 54.24750518798828, 54.28666687011719, 54.309661865234375, 54.337493896484375, 54.35152816772461, 54.33795166015625, 54.31462478637695, 54.26419448852539, 54.22026824951172, 54.19715118408203, 54.196876525878906, 54.18030548095703, 54.18919372558594, 54.20186996459961, 54.21407699584961, 54.24307632446289, 54.26437759399414, 54.28620529174805, 54.30570983886719, 54.337860107421875, 54.38112258911133, 54.43659973144531, 54.47925567626953, 54.50690460205078], "20": [54.520259857177734, 54.5198974609375, 54.499813079833984, 54.47187805175781, 54.41441345214844, 54.33657455444336, 54.25377655029297, 54.15806579589844, 54.02821731567383, 53.906333923339844, 53.75978088378906, 53.64057159423828, 53.481040954589844, 53.298213958740234, 53.1288948059082, 52.93572235107422, 52.77756881713867, 52.54563903808594, 52.30911636352539, 52.091064453125, 51.92844772338867, 51.826255798339844, 51.765140533447266], "22": [51.721534729003906, 51.75299835205078, 51.81553649902344, 51.918739318847656, 52.04586410522461, 52.181007385253906, 52.344573974609375, 52.46453094482422, 52.569541931152344, 52.66694641113281, 52.76661682128906, 52.82460403442383, 52.877906799316406, 52.90693664550781, 52.95213317871094, 53.017032623291016, 53.11028289794922, 53.25196075439453, 53.42976379394531, 53.597042083740234, 53.71455383300781, 53.80290222167969, 53.89786148071289, 53.94449234008789, 53.9930534362793, 54.0891227722168, 54.14832305908203, 54.23680114746094, 54.29246520996094, 54.302398681640625, 54.34886932373047, 54.36784362792969], "24": [54.36839294433594, 54.348777770996094, 54.302677154541016, 54.2534065246582, 54.19696807861328, 54.145355224609375, 54.099822998046875, 54.05827713012695, 54.0358772277832, 54.02476119995117], "25": [54.02532196044922, 54.06219482421875, 54.09284591674805, 54.124183654785156, 54.12529754638672, 54.07412338256836, 54.036624908447266, 54.01363754272461, 53.98781204223633, 53.978912353515625, 53.985939025878906, 54.001102447509766, 54.05426788330078, 54.119911193847656, 54.176231384277344, 54.24104690551758, 54.28142166137695, 54.31977081298828, 54.3521728515625, 54.37855911254883, 54.431583404541016, 54.46186065673828, 54.49281311035156, 54.504085540771484, 54.52107620239258, 54.537139892578125, 54.556182861328125, 54.55636215209961, 54.59393310546875, 54.60893630981445, 54.61995315551758, 54.68879699707031, 54.70057678222656, 54.735321044921875, 54.76614761352539],