{"1": [-2.843366228084151, 1.4216837243936244, 0.9591718174754594, 0.0009652063264600892, 0.872318385178122, 0.0, 25.0, 3.0, 9.962725639343262], "2": [0.09006104252945919, -0.07487489953432437, 0.6277342615553789, 2.857119543010841e-07, 0.1901211171705987, 9.0, 22.0, 10.0, 14.307867050170898], "3": [-1.307509328462439, 0.8357148246852428, 0.97195188601939, 2.3856207383974712e-05, 0.5043250161453954, 2.0, 13.0, 3.0, 21.96878433227539], "4": [-0.4799097964638157, 0.117779896447533, 0.8770820880611241, 6.3639672804003945e-06, 0.33297004211897224, 0.0, 15.0, 4.0, 19.989532470703125], "5": [-0.30629337696215525, 0.19959579612499853, 0.9456312466971184, 2.790895142141042e-07, 0.12339183956122943, 1.0, 53.0, 9.0, 3.5208334922790527], "6": [1.67404985762976, -0.8370236946480775, 0.9795720572167025, 2.66806186885744e-05, 0.5028478771489218, 0.0, 34.0, 4.0, 5.1931023597717285], "7": [2.7294439144083866, -1.3647331288177438, 0.9960223441514823, 7.0911865179498425e-06, 0.8182125329518848, 0.0, 28.0, 5.0, 15.559879302978516], "8": [3.3743293719682774, -1.0926824821510177, 0.21960438288417639, 0.17152233553824034, 0.8654703607195431, 1.0, 58.0, 6.0, 3.090278387069702], "9": [0.8901587374070109, -0.44508199130787557, 0.9761084063236837, 3.3551884969796595e-06, 0.27688959841212246, 0.0, 16.0, 4.0, 25.609142303466797], "10": [-0.24350340544014223, 0.12174892839470437, 0.9323372891253884, 1.5425079909197572e-07, 0.07618722554112906, 0.0, 22.0, 8.0, 16.96366310119629], "11": [-0.6436500319641146, 0.36447487547626634, 0.9507483529342335, 4.5682729661264336e-06, 0.27196863665669807, 0.0, 33.0, 2.0, 5.624391555786133], "12": [-1.2062513674441713, 0.5698846809588903, 0.8623193438949179, 0.00022142612965991666, 0.35039013534703345, 0.0, 27.0, 4.0, 6.618861198425293], "13": [0.337251371495864, -0.06969303243300495, 0.34265164043244956, 1.0513443334943864e-05, 0.12330633267634951, 2.0, 23.0, 2.0, 11.001935958862305], "14": [0.14204152790307284, -0.010897384098613641, 0.8188778209446661, 1.2335520847889974e-07, 0.18763361070264067, 7.0, 56.0, 6.0, 5.733222007751465], "15": [0.13827095086442048, -0.1005582120397485, -0.21087993661795856, 7.301380768800783e-07, 0.028129500705379264, 1.0, 19.0, 3.0, 11.61965274810791], "16": [-1.9087759148928578, 0.8364798722660871, 0.5557922031634431, 0.016364202031960817, 0.5485377334347737, 1.0, 109.0, 3.0, 1.7093427181243896], "17": [-1.683424287178228, 0.821711626487943, 0.057361435277037964, 0.08798245525548498, 0.730532144337913, 3.0, 169.0, 4.0, 2.0971450805664062], "18": [0.4297027587890626, -0.12449222058057788, 0.9843933803676773, 8.131799121135072e-08, 0.23175513436069725, 0.0, 10.0, 3.0, 25.225473403930664], "19": [-3.1380606235867794, 2.041535038613159, 0.5790645193339589, 0.04720280810874352, 0.7132024960258305, 1.0, 121.0, 2.0, 1.442112922668457], "20": [0.5314105128111104, 0.07002622579397427, 0.46377004439499403, 0.0004963860870013253, 0.548414347679796, 3.0, 77.0, 4.0, 2.4462711811065674], "21": [-0.05626669296851527, -0.04630928442009492, 0.8157810341743226, 6.9238160762028705e-09, 0.15309247738184248, 3.0, 31.0, 6.0, 6.822985649108887], "22": [-0.9126727180751535, 0.45633294588745155, 0.9623619982288653, 9.098902239231897e-06, 0.2830961433332854, 0.0, 19.0, 2.0, 10.193944931030273], "23": [-0.5238132476806641, 0.215634028116862, 0.9189349129689968, 4.958452138374081e-06, 0.2468550540536486, 0.0, 10.0, 4.0, 26.60144805908203], "24": [-0.13496216104345418, 0.09730970420296417, 0.6937376588739321, 2.3172719993341313e-07, 0.051928566555589924, 1.0, 23.0, 5.0, 15.6466064453125], "25": [-0.6579507686821695, 0.4104383312422652, 0.9526936864962942, 4.924424365625167e-06, 0.3513417209930309, 0.0, 35.0, 4.0, 5.484764099121094], "26": [-1.7498654728247371, 0.8749348171563939, 0.9070228730214562, 0.000985222689896947, 0.5810259588317116, 0.0, 11.0, 2.0, 17.22713851928711], "27": [0.5693030212433103, -0.2948802178078157, 0.5337381350271068, 4.035041873409738e-05, 0.10608616977652859, 2.0, 51.0, 7.0, 5.309065818786621], "28": [2.03309074267745, -1.0165443540860675, 0.9259135745814402, 0.0009921671891111792, 0.6520439896366657, 0.0, 15.0, 2.0, 12.971723556518555], "29": [2.3828051609504057, -1.0633572965840496, 0.6411139225790141, 0.01218144043633108, 0.5598017157049431, 0.0, 27.0, 6.0, 7.044280529022217], "30": [-0.30805499836375894, 0.04777424546681239, 0.6165718686249465, 7.1249739192794534e-06, 0.18562303526302698, 3.0, 63.0, 6.0, 3.677083969116211], "31": [0.6218837368668934, -0.2899955751995247, 0.9093663351516564, 1.8391052751964808e-05, 0.24459744763237679, 0.0, 11.0, 2.0, 21.50673484802246], "32": [0.3502356261355235, -0.25392094953687006, 0.7708707660687382, 7.363979555177391e-06, 0.18715915018524, 6.0, 45.0, 4.0, 4.818993091583252], "33": [0.8361400604248045, -0.3890063892711291, 0.9088689610122257, 5.62001937017104e-05, 0.33066037977477863, 0.0, 12.0, 2.0, 16.411823272705078], "34": [0.31703270960646684, -0.11308085653716218, 0.8991761643168592, 7.344087974755363e-07, 0.08999311047532452, 4.0, 37.0, 6.0, 13.43600845336914], "35": [-0.7829200895307782, 0.42967762296589523, 0.9614241916489187, 5.8784634103003195e-06, 0.33082972248396625, 0.0, 13.0, 2.0, 13.048163414001465], "36": [-1.414774724309859, 0.6956429177611743, 0.9296578928407168, 0.00017747453622619634, 0.46225186078332825, 0.0, 25.0, 11.0, 9.397720336914062], "37": [0.10727377498851097, 0.0013493921826867872, 0.49692455178405215, 1.315370759135182e-06, 0.14316713385410318, 3.0, 45.0, 6.0, 3.769601583480835], "38": [0.4584470095433597, -0.25506322121336356, 0.9453370841183418, 1.4175902455207392e-06, 0.19584560962406783, 0.0, 30.0, 4.0, 8.461511611938477], "39": [0.9326229641480103, -0.46631175455239343, 0.9755304481612874, 4.400765172083108e-06, 0.29279861710884386, 0.0, 14.0, 2.0, 14.274392127990723], "40": [-0.7550990155142543, 0.5121228840542952, 0.6992798138278814, 0.0001332537401444395, 0.2010715938428654, 4.0, 100.0, 6.0, 1.599968671798706], "41": [-1.0301489018273384, 0.4608674837825125, 0.6282164053859013, 0.0007577671637861599, 0.26870816847572854, 1.0, 28.0, 4.0, 6.37339448928833], "42": [-0.6791873449979751, -0.09274846449068563, 0.0019166547262632339, 0.04616988335822297, 0.6940665527133707, 4.0, 159.0, 5.0, 2.448706865310669], "43": [0.5856841990136649, -0.35461680725040706, 0.9838360886339864, 2.0309270667058465e-07, 0.1594332001680237, 4.0, 36.0, 10.0, 7.784159183502197], "44": [-0.10803467188126, 0.13774505028357872, 0.9238719779745554, 6.607565410243963e-09, 0.2643590493245995, 0.0, 11.0, 2.0, 27.898134231567383]}