{"1": [1.9351376342773436, -0.9719687525431311, 0.9070458035463355, 0.001208339172173539, 0.6160652745114075, 0.0, 24.0, 2.0, 8.61218547821045], "2": [0.47462319392783975, -0.22491887528583868, 0.255630824605958, 0.003067698148807691, 0.28966565369157304, 5.0, 152.0, 4.0, 1.4973417520523071], "3": [0.9967268566508872, -0.5054918320624382, 0.9391378423427124, 2.9914538435856267e-05, 0.3121658595422698, 0.0, 104.0, 14.0, 1.4727418422698975], "4": [1.5369597790287999, -0.7693994559493722, 0.937548149793249, 0.00021761860369871186, 0.4870405276085408, 0.0, 17.0, 2.0, 12.875321388244629], "5": [-0.04477465814369442, 0.008764262634297158, 0.007991449642541393, 0.00045270891974879694, 0.17323617884778245, 5.0, 78.0, 4.0, 4.683837890625]}